Model,UnprivGroup,PrivGroup,SPD,DI,EOD,AOD,T_Index
pred_LogReg,Other_Female,ALL_OTHERS,0.03427461057455161,1.0515985891455226,0.05190346143935076,-0.002561773956277824,0.3514206841794828
pred_XGB,Other_Female,ALL_OTHERS,-0.007514041591751619,0.9867322212467077,0.01952085526596925,-0.06865171022588662,0.47207275581535496
pred_MLP,Other_Female,ALL_OTHERS,0.04666740918709922,1.0724076851388966,0.0714618692627138,-0.009965880488648327,0.37505051671767214
