Model,UnprivGroup,PrivGroup,SPD,DI,EOD,AOD,T_Index
pred_LogReg,ALL_OTHERS,Asian_Female,-0.1307703803332586,0.8318666538572389,-0.10277345036350283,-0.22550517443170273,0.3728316617692598
pred_XGB,ALL_OTHERS,Asian_Female,-0.12814017783755505,0.8225751383787699,-0.08852939686399675,-0.2628016164136855,0.4324692822087583
pred_MLP,ALL_OTHERS,Asian_Female,-0.1575630775361777,0.7569026803727544,-0.13211648554854727,-0.24305025524261573,0.5831297578605286
