Model,UnprivGroup,PrivGroup,SPD,DI,EOD,AOD,T_Index
pred_LogReg,Other_Female,ALL_OTHERS,0.021259288135053844,1.0320863801736249,0.04533888593216451,-0.033621839487648714,0.3538628779060723
pred_XGB,Other_Female,ALL_OTHERS,0.01501416092539265,1.0252220165585262,0.04820647690970936,-0.06225474990431085,0.43008687675033697
pred_MLP,Other_Female,ALL_OTHERS,-0.01914907158427337,0.9684728934994172,0.007202968982882529,-0.08028773138718015,0.4233721855075003
