Model,UnprivGroup,PrivGroup,SPD,DI,EOD,AOD,T_Index
pred_LogReg,ALL_OTHERS,Asian_Female,-0.15079329497621352,0.8149355016201015,-0.10620424551004382,-0.30354046290697984,0.3514206841794828
pred_XGB,ALL_OTHERS,Asian_Female,-0.10076216095045953,0.8488567585743106,-0.05521094561390183,-0.25637032766765616,0.47207275581535496
pred_MLP,ALL_OTHERS,Asian_Female,-0.11474009315300515,0.8488789017009201,-0.06293063049370518,-0.29271604581377253,0.37505051671767214
