Model,UnprivGroup,PrivGroup,SPD,DI,EOD,AOD,T_Index
pred_LogReg,ALL_OTHERS,Asian_Female,-0.1526090313581907,0.8127070978785841,-0.10818007953998532,-0.30482060668992256,0.3538628779060723
pred_XGB,ALL_OTHERS,Asian_Female,-0.1086801663802337,0.845559763564931,-0.06602420396686681,-0.2538868341088961,0.43008687675033697
pred_MLP,ALL_OTHERS,Asian_Female,-0.1154300231637152,0.8401738140810098,-0.05926077209514402,-0.30870694946078064,0.4233721855075003
