Model,UnprivGroup,PrivGroup,SPD,DI,EOD,AOD,T_Index
pred_LogReg,Other_Female,ALL_OTHERS,0.014415503826632037,1.0222685125444724,0.03527156326116765,-0.03159252260066331,0.3728316617692598
pred_XGB,Other_Female,ALL_OTHERS,-0.006368438638641782,0.989289608712813,0.015606972344483827,-0.052836759724036925,0.4324692822087583
pred_MLP,Other_Female,ALL_OTHERS,-0.028176661522060775,0.9426618314864132,0.0027769468734906155,-0.10109010873577448,0.5831297578605286
