model,accuracy,precision,recall,f1_score,auc,balanced_accuracy,balanced_acc
LogReg,0.6643661216831949,0.17119456652017578,0.49912638322655795,0.2549457087609698,0.6294752271070666,0.5924873984732775,
XGB,0.5944786920396676,0.1651475359184304,0.6225975538730344,0.26105006105006107,0.649789038560277,0.6067103011282338,
PyTorchMLP,0.6496917716429912,0.16871107756180412,0.5206755969714618,0.2548460661345496,0.6316086547880422,0.5935701752556257
