model,accuracy,precision,recall,f1_score,auc,balanced_accuracy,balanced_acc
LogReg,0.6626909675690164,0.17047486588515795,0.49970879440885263,0.25422222222222224,0.6317514683425104,0.5917942775708986,
XGB,0.620008040739748,0.17257369990062935,0.6068724519510774,0.2687298517085751,0.6595995381810505,0.6142941043733581,
PyTorchMLP,0.6201420530688824,0.1629136813374275,0.5562026790914385,0.2520121388045916,0.6333931076154484,0.5923286432483013
