model,accuracy,precision,recall,f1_score,auc,balanced_accuracy,balanced_acc
LogReg,0.6506298579469311,0.1676487359817525,0.5136866627839255,0.2527944969905417,0.6329801455864792,0.5910600346553836,
XGB,0.618064861967301,0.1708808461411337,0.6022131624927198,0.2662203913491246,0.6565210318260569,0.6111694267071004,
PyTorchMLP,0.5339721254355401,0.1551224651040295,0.6860803727431567,0.25303404575233596,0.6488006990874529,0.6001386947383536
