Model,UnprivGroup,PrivGroup,SPD,DI,EOD,AOD,T_Index
pred_LogReg,ALL_OTHERS,Asian_Female,-0.1311315350320058,0.8353231885644579,-0.08400302707905871,-0.29273208045945925,0.34978676641962125
pred_XGB,ALL_OTHERS,Asian_Female,-0.03152008767341652,0.9539977098820408,0.011500367302479941,-0.1783039757097575,0.3596642657782415
pred_MLP,ALL_OTHERS,Asian_Female,-0.09005205609106082,0.8720312887127031,-0.03196798135623269,-0.29009269903580187,0.4153020708532101
