Model,UnprivGroup,PrivGroup,SPD,DI,EOD,AOD,T_Index
pred_LogReg,Other_Female,ALL_OTHERS,0.0323811834714951,1.048609576812148,0.0499170606447904,-0.0041435558720983034,0.34900876830466254
pred_XGB,Other_Female,ALL_OTHERS,-0.006551416888096906,0.990610355404034,0.03347939983243786,-0.10452444238971265,0.3089803864234269
pred_MLP,Other_Female,ALL_OTHERS,0.0019948606978631434,1.0032019971779007,0.0342958442268122,-0.07586430730259022,0.4035158006940805
