Model,UnprivGroup,PrivGroup,SPD,DI,EOD,AOD,T_Index
pred_LogReg,Other_Female,ALL_OTHERS,0.011169628792820907,1.0171683266384197,0.02389378582870083,-0.01244654113182056,0.3695297423508528
pred_XGB,Other_Female,ALL_OTHERS,-0.054380340180432474,0.9153765683901678,-0.03260144693888389,-0.10018993934806336,0.3716507883285242
pred_MLP,Other_Female,ALL_OTHERS,-0.014672071154672284,0.9765234161182327,0.014978290737079014,-0.08493450252891652,0.40057246277090686
