Model,UnprivGroup,PrivGroup,SPD,DI,EOD,AOD,T_Index
pred_LogReg,ALL_OTHERS,Asian_Female,-0.1489103090986077,0.8172464388335269,-0.10422841148010231,-0.3019680923560652,0.34900876830466254
pred_XGB,ALL_OTHERS,Asian_Female,-0.024643204064858426,0.9658786405255806,0.03367942092864196,-0.22512405341645048,0.3089803864234269
pred_MLP,ALL_OTHERS,Asian_Female,-0.062387606167027876,0.9089478180264998,-0.02277275375535115,-0.19777835038244862,0.4035158006940805
