Model,UnprivGroup,PrivGroup,SPD,DI,EOD,AOD,T_Index
pred_LogReg,ALL_OTHERS,Asian_Female,-0.10895663652892973,0.8564961372545804,-0.07905235960179346,-0.21043013460315663,0.3695297423508528
pred_XGB,ALL_OTHERS,Asian_Female,-0.04322149991282476,0.9369199731002017,0.0012412290700914985,-0.19483038877685763,0.3716507883285242
pred_MLP,ALL_OTHERS,Asian_Female,-0.11632917382749253,0.8429556153328851,-0.06238759277554018,-0.3017957835297923,0.40057246277090686
