Model,UnprivGroup,PrivGroup,SPD,DI,EOD,AOD,T_Index
pred_LogReg,Other_Female,ALL_OTHERS,0.01835152508393134,1.0275767049020603,0.02495173201459111,0.012328720627660494,0.34978676641962125
pred_XGB,Other_Female,ALL_OTHERS,-0.021623255739948166,0.9669357144160527,0.008390406745993118,-0.09117135211716104,0.3596642657782415
pred_MLP,Other_Female,ALL_OTHERS,-0.04824062435360943,0.9214855433698903,-0.016316586187651416,-0.12512252041708777,0.4153020708532101
