model,accuracy,precision,recall,f1_score,auc,balanced_accuracy,balanced_acc
LogReg,0.6655722326454033,0.1719438877755511,0.49970879440885263,0.2558520948263009,0.6297728490552235,0.5934222021563458,
XGB,0.6935138032699009,0.18556020250935507,0.49097262667443214,0.2693290734824281,0.649278155426569,0.6054090815661856,
PyTorchMLP,0.6779013669257572,0.17169570760730982,0.47058823529411764,0.2515958274949401,0.6286694561429651,0.5877208610407136
