model,accuracy,precision,recall,f1_score,auc,balanced_accuracy,balanced_acc
LogReg,0.6659742696328063,0.1717557251908397,0.4979615608619686,0.2554144884241972,0.6297122574776908,0.5928893137845089,
XGB,0.693580809434468,0.18351063829787234,0.48223645894001166,0.26585326697704287,0.6444589421283846,0.6016467370796068,
PyTorchMLP,0.6318011257035647,0.16423746889441876,0.5381479324403029,0.25166825548141086,0.6269814250653949,0.5910623057370743
