model,accuracy,precision,recall,f1_score,auc,balanced_accuracy,balanced_acc
LogReg,0.6523720182256768,0.16708229426433915,0.5072801397786838,0.25137085137085136,0.6295325553827524,0.5892575454704732,
XGB,0.6550522648083623,0.17880546714098483,0.5562026790914385,0.27061490507225844,0.6573920247284195,0.6120530318301138,
PyTorchMLP,0.6338783168051461,0.16538667619217717,0.5393127548048923,0.2531437944231821,0.6269890541359286,0.5927426195467635
