Model,UnprivGroup,PrivGroup,SPD,DI,EOD,AOD,T_Index
pred_LogReg,ALL_OTHERS,Asian_Female,-0.1573837455478343,0.8068472213731125,-0.11380360716366489,-0.3067556901978465,0.3609899441015758
pred_XGB,ALL_OTHERS,Asian_Female,-0.027417868440060778,0.9599847325469383,0.014388124730855933,-0.17013888133221475,0.35661437392502715
pred_MLP,ALL_OTHERS,Asian_Female,0.01115594410819698,1.0200806993947547,0.037936646655014394,-0.08058359562826914,0.4926870731553494
