Model,UnprivGroup,PrivGroup,SPD,DI,EOD,AOD,T_Index
pred_LogReg,Other_Female,ALL_OTHERS,0.023003548186924183,1.0360127536087482,0.03848619166566314,-0.009858990361661935,0.38852853215777555
pred_XGB,Other_Female,ALL_OTHERS,-0.0192922719534121,0.9710478873912058,0.0057869785859778755,-0.07587833727165694,0.3467710700672225
pred_MLP,Other_Female,ALL_OTHERS,0.04766384508902288,1.073231474407945,0.06168849247200714,0.01804259820775167,0.3754495911821227
