Model,UnprivGroup,PrivGroup,SPD,DI,EOD,AOD,T_Index
pred_LogReg,ALL_OTHERS,Asian_Female,-0.10213953024981937,0.8621116341627438,-0.07265781341034017,-0.20255723321987884,0.38852853215777555
pred_XGB,ALL_OTHERS,Asian_Female,-0.056250467010386274,0.922114737985619,-0.01922321858297238,-0.18226892470157777,0.3467710700672225
pred_MLP,ALL_OTHERS,Asian_Female,-0.07117985503997604,0.9014432776369563,-0.0198960787293867,-0.24811285526182952,0.3754495911821227
