Model,UnprivGroup,PrivGroup,SPD,DI,EOD,AOD,T_Index
pred_LogReg,ALL_OTHERS,Asian_Female,-0.1367804926648235,0.8282291487465007,-0.09183036958228841,-0.2910934431196071,0.36004193529041767
pred_XGB,ALL_OTHERS,Asian_Female,-0.0473237191461805,0.9309329504353041,-0.005674190034703708,-0.18952129529009687,0.3812714255852116
pred_MLP,ALL_OTHERS,Asian_Female,-0.06709507086104272,0.9020774641487485,-0.01113464802289943,-0.26038906568298686,0.4171156754253193
