Model,UnprivGroup,PrivGroup,SPD,DI,EOD,AOD,T_Index
pred_LogReg,Other_Female,ALL_OTHERS,0.03145236996610923,1.047675035573885,0.04137191146401875,0.014947285926241283,0.36004193529041767
pred_XGB,Other_Female,ALL_OTHERS,-0.03541424684561412,0.9445226819541376,-0.025649044157922796,-0.04939832366159169,0.3812714255852116
pred_MLP,Other_Female,ALL_OTHERS,-0.0006921351175038781,0.9988806546240543,0.009412742748147851,-0.019392771912826873,0.4171156754253193
