Model,UnprivGroup,PrivGroup,SPD,DI,EOD,AOD,T_Index
pred_LogReg,Other_Female,ALL_OTHERS,0.04832216900825792,1.0734870665666514,0.05954346449535197,0.02874171459023045,0.3609899441015758
pred_XGB,Other_Female,ALL_OTHERS,-0.025748221928749926,0.9608749788448054,-0.003063770717033787,-0.07559505977484024,0.35661437392502715
pred_MLP,Other_Female,ALL_OTHERS,-0.022760903116994746,0.9598487134326472,0.005327930944731718,-0.09358546229560222,0.4926870731553494
