model,accuracy,precision,recall,f1_score,auc,balanced_accuracy,balanced_acc
LogReg,0.6575314928973466,0.16751567398119122,0.4979615608619686,0.25069637883008355,0.6237206147937203,0.588119116162036,
XGB,0.6624899490753149,0.17489228358793577,0.5200931857891672,0.26176168840685915,0.6404662702695696,0.6005478422320562,
PyTorchMLP,0.5739748056821228,0.14117828977887736,0.5317414094350612,0.22311827956989247,0.577043337398202,0.555603422215827
