model,accuracy,precision,recall,f1_score,auc,balanced_accuracy,balanced_acc
LogReg,0.6573974805682122,0.16535277887268426,0.48864298194525335,0.24709173906641144,0.6169370040304865,0.583989848661731,
XGB,0.6469445188957385,0.17123287671232876,0.5387303436225975,0.25986795898300324,0.6411123819858858,0.5998717213683518,
PyTorchMLP,0.6201420530688824,0.15308988764044945,0.5078625509609784,0.2352623769054364,0.600451288186199,0.5713008522200971
