model,accuracy,precision,recall,f1_score,auc,balanced_accuracy,balanced_acc
LogReg,0.6385017421602788,0.15868596881959912,0.4979615608619686,0.2406755805770584,0.6162870336802296,0.5773672421558271,
XGB,0.6686545162154919,0.1760337213970293,0.5107746068724519,0.26183012389908944,0.6383042005000877,0.599977293592961,
PyTorchMLP,0.6454703832752613,0.15661029976940816,0.47466511357018054,0.2355150989741367,0.6079763519980822,0.5711706729356165
